{
  "Ansi 3 Color": {
    "Red Component": 0.89803921568627454,
    "Color Space": "sRGB",
    "Blue Component": 0.4823529411764706,
    "Green Component": 0.75294117647058822
  },
  "Tags": [

  ],
  "Ansi 12 Color": {
    "Red Component": 0.38039215686274508,
    "Color Space": "sRGB",
    "Blue Component": 0.93725490196078431,
    "Green Component": 0.68627450980392157
  },
  "Ansi 7 Color": {
    "Red Component": 0.6705882352941176,
    "Color Space": "sRGB",
    "Blue Component": 0.74901960784313726,
    "Green Component": 0.69803921568627447
  },
  "Ansi 8 Color": {
    "Red Component": 0.24313725490196078,
    "Color Space": "sRGB",
    "Blue Component": 0.32156862745098042,
    "Green Component": 0.26666666666666666
  },
  "Bold Color": {
    "Red Component": 0.6705882352941176,
    "Color Space": "sRGB",
    "Blue Component": 0.74901960784313726,
    "Green Component": 0.69803921568627447
  },
  "Ansi 9 Color": {
    "Red Component": 0.74509803921568629,
    "Color Space": "sRGB",
    "Blue Component": 0.27450980392156865,
    "Green Component": 0.31372549019607843
  },
  "Horizontal Spacing": 1,
  "Right Option Key Sends": 0,
  "Rows": 40,
  "Default Bookmark": "No",
  "Cursor Guide Color": {
    "Red Component": 0.70213186740875244,
    "Color Space": "sRGB",
    "Blue Component": 1,
    "Alpha Component": 0.25,
    "Green Component": 0.9268307089805603
  },
  "Non-ASCII Anti Aliased": true,
  "Use Bright Bold": true,
  "Ansi 10 Color": {
    "Red Component": 0.59607843137254901,
    "Color Space": "sRGB",
    "Blue Component": 0.47450980392156861,
    "Green Component": 0.76470588235294112
  },
  "Use Cursor Guide": false,
  "Ambiguous Double Width": false,
  "Jobs to Ignore": [
    "rlogin",
    "ssh",
    "slogin",
    "telnet"
  ],
  "Ansi 15 Color": {
    "Red Component": 0.36078431372549019,
    "Color Space": "sRGB",
    "Blue Component": 0.4392156862745098,
    "Green Component": 0.38823529411764707
  },
  "Foreground Color": {
    "Red Component": 0.6705882352941176,
    "Color Space": "sRGB",
    "Blue Component": 0.74901960784313726,
    "Green Component": 0.69803921568627447
  },
  "Working Directory": "\/Users\/shabazbadshah",
  "Use Tab Color": false,
  "Blinking Cursor": true,
  "Disable Window Resizing": true,
  "Sync Title": false,
  "Prompt Before Closing 2": false,
  "BM Growl": true,
  "Command": "",
  "Description": "Default",
  "Space": 0,
  "Mouse Reporting": true,
  "Screen": -1,
  "Selection Color": {
    "Red Component": 0.6705882352941176,
    "Color Space": "sRGB",
    "Blue Component": 0.74901960784313726,
    "Green Component": 0.69803921568627447
  },
  "Columns": 130,
  "Idle Code": 0,
  "Background Image Mode": 0,
  "Ansi 13 Color": {
    "Red Component": 0.77647058823529413,
    "Color Space": "sRGB",
    "Blue Component": 0.8666666666666667,
    "Green Component": 0.47058823529411764
  },
  "Title Components": 4,
  "Custom Command": "No",
  "ASCII Anti Aliased": true,
  "Non Ascii Font": "Monaco 12",
  "Vertical Spacing": 1,
  "Use Bold Font": true,
  "Option Key Sends": 0,
  "Selected Text Color": {
    "Red Component": 0.15686274509803921,
    "Color Space": "sRGB",
    "Blue Component": 0.20392156862745098,
    "Green Component": 0.17254901960784313
  },
  "Background Color": {
    "Red Component": 0.10000000000000001,
    "Color Space": "sRGB",
    "Blue Component": 0.10000000000000001,
    "Alpha Component": 1,
    "Green Component": 0.10000000000000001
  },
  "Character Encoding": 4,
  "Ansi 11 Color": {
    "Red Component": 0.81960784313725488,
    "Color Space": "sRGB",
    "Blue Component": 0.40000000000000002,
    "Green Component": 0.60392156862745094
  },
  "Use Italic Font": true,
  "Unlimited Scrollback": false,
  "Keyboard Map": {
    "0xf728-0x80000": {
      "Action": 10,
      "Text": "d"
    },
    "0xf702-0x280000": {
      "Action": 10,
      "Text": "b"
    },
    "0xf70d-0x20000": {
      "Action": 10,
      "Text": "[21;2~"
    },
    "0x7f-0x80000": {
      "Action": 11,
      "Text": "0x1b 0x7f"
    },
    "0xf708-0x20000": {
      "Action": 10,
      "Text": "[15;2~"
    },
    "0x33-0x40000": {
      "Action": 11,
      "Text": "0x1b"
    },
    "0xf703-0x260000": {
      "Action": 10,
      "Text": "[1;6C"
    },
    "0xf729-0x20000": {
      "Action": 10,
      "Text": "[1;2H"
    },
    "0xf702-0x260000": {
      "Action": 10,
      "Text": "[1;6D"
    },
    "0x38-0x40000": {
      "Action": 11,
      "Text": "0x7f"
    },
    "0xf72b-0x40000": {
      "Action": 10,
      "Text": "[1;5F"
    },
    "0xf70c-0x20000": {
      "Action": 10,
      "Text": "[20;2~"
    },
    "0xf701-0x260000": {
      "Action": 10,
      "Text": "[1;6B"
    },
    "0x32-0x40000": {
      "Action": 11,
      "Text": "0x00"
    },
    "0xf707-0x20000": {
      "Action": 10,
      "Text": "[1;2S"
    },
    "0xf703-0x240000": {
      "Action": 10,
      "Text": "[1;5C"
    },
    "0xf700-0x260000": {
      "Action": 10,
      "Text": "[1;6A"
    },
    "0xf702-0x240000": {
      "Action": 10,
      "Text": "[1;5D"
    },
    "0x37-0x40000": {
      "Action": 11,
      "Text": "0x1f"
    },
    "0x3-0x200000": {
      "Action": 11,
      "Text": "0xd"
    },
    "0xf701-0x240000": {
      "Action": 10,
      "Text": "[1;5B"
    },
    "0xf70b-0x20000": {
      "Action": 10,
      "Text": "[19;2~"
    },
    "0xf703-0x220000": {
      "Action": 10,
      "Text": "[1;2C"
    },
    "0xf739-0x0": {
      "Action": 13,
      "Text": ""
    },
    "0xf728-0x0": {
      "Action": 11,
      "Text": "0x4"
    },
    "0xf706-0x20000": {
      "Action": 10,
      "Text": "[1;2R"
    },
    "0xf700-0x240000": {
      "Action": 10,
      "Text": "[1;5A"
    },
    "0xf702-0x220000": {
      "Action": 10,
      "Text": "[1;2D"
    },
    "0x36-0x40000": {
      "Action": 11,
      "Text": "0x1e"
    },
    "0xf70f-0x20000": {
      "Action": 10,
      "Text": "[24;2~"
    },
    "0xf701-0x220000": {
      "Action": 10,
      "Text": "[1;2B"
    },
    "0xf70a-0x20000": {
      "Action": 10,
      "Text": "[18;2~"
    },
    "0xf729-0x40000": {
      "Action": 10,
      "Text": "[1;5H"
    },
    "0xf72b-0x20000": {
      "Action": 10,
      "Text": "[1;2F"
    },
    "0xf700-0x220000": {
      "Action": 10,
      "Text": "[1;2A"
    },
    "0x30-0x200000": {
      "Action": 12,
      "Text": "0"
    },
    "0xf705-0x20000": {
      "Action": 10,
      "Text": "[1;2Q"
    },
    "0x31-0x200000": {
      "Action": 12,
      "Text": "1"
    },
    "0x33-0x200000": {
      "Action": 12,
      "Text": "3"
    },
    "0x35-0x40000": {
      "Action": 11,
      "Text": "0x1d"
    },
    "0x34-0x200000": {
      "Action": 12,
      "Text": "4"
    },
    "0x32-0x200000": {
      "Action": 12,
      "Text": "2"
    },
    "0x35-0x200000": {
      "Action": 12,
      "Text": "5"
    },
    "0x36-0x200000": {
      "Action": 12,
      "Text": "6"
    },
    "0x37-0x200000": {
      "Action": 12,
      "Text": "7"
    },
    "0x2d-0x40000": {
      "Action": 11,
      "Text": "0x1f"
    },
    "0x38-0x200000": {
      "Action": 12,
      "Text": "8"
    },
    "0x2a-0x200000": {
      "Action": 12,
      "Text": "*"
    },
    "0x39-0x200000": {
      "Action": 12,
      "Text": "9"
    },
    "0x2b-0x200000": {
      "Action": 12,
      "Text": "+"
    },
    "0xf70e-0x20000": {
      "Action": 10,
      "Text": "[23;2~"
    },
    "0x2d-0x200000": {
      "Action": 12,
      "Text": "-"
    },
    "0x2e-0x200000": {
      "Action": 12,
      "Text": "."
    },
    "0xf709-0x20000": {
      "Action": 10,
      "Text": "[17;2~"
    },
    "0x7f-0x100000": {
      "Action": 11,
      "Text": "0x15"
    },
    "0x2f-0x200000": {
      "Action": 12,
      "Text": "\/"
    },
    "0xf704-0x20000": {
      "Action": 10,
      "Text": "[1;2P"
    },
    "0x34-0x40000": {
      "Action": 11,
      "Text": "0x1c"
    },
    "0xf703-0x280000": {
      "Action": 10,
      "Text": "f"
    }
  },
  "Window Type": 13,